<ActionStruct xmlns:xsi="http://www.w3.org/2001/XMLSchema-instance" xmlns:xsd="http://www.w3.org/2001/XMLSchema"><Steps/><Parameters><ParamStruct><Name>sap_connection</Name><Direction>Input</Direction><Type>String</Type><DefaultValueString/></ParamStruct><ParamStruct><Name>sap_admin_name</Name><Direction>Input</Direction><Type>String</Type><DefaultValueString/></ParamStruct><ParamStruct><Name>sap_admin_password</Name><Direction>Input</Direction><Type>Encrypted</Type><DefaultValueString/></ParamStruct><ParamStruct><Name>user_name</Name><Direction>Input</Direction><Type>String</Type><DefaultValueString/></ParamStruct><ParamStruct><Name>first_name</Name><Direction>Input</Direction><Type>String</Type><DefaultValueString/></ParamStruct><ParamStruct><Name>last_name</Name><Direction>Input</Direction><Type>String</Type><DefaultValueString/></ParamStruct><ParamStruct><Name>email</Name><Direction>Input</Direction><Type>String</Type><DefaultValueString/></ParamStruct><ParamStruct><Name>temp_password</Name><Direction>Input</Direction><Type>Encrypted</Type><DefaultValueString/></ParamStruct><ParamStruct><Name>password</Name><Direction>Input</Direction><Type>String</Type><DefaultValueString/></ParamStruct><ParamStruct><Name>title</Name><Direction>Input</Direction><Type>String</Type><DefaultValueString/></ParamStruct><ParamStruct><Name>academic_title</Name><Direction>Input</Direction><Type>String</Type><DefaultValueString/></ParamStruct><ParamStruct><Name>language</Name><Direction>Input</Direction><Type>String</Type><DefaultValueString/></ParamStruct><ParamStruct><Name>function</Name><Direction>Input</Direction><Type>String</Type><DefaultValueString/></ParamStruct><ParamStruct><Name>department</Name><Direction>Input</Direction><Type>String</Type><DefaultValueString/></ParamStruct><ParamStruct><Name>room</Name><Direction>Input</Direction><Type>String</Type><DefaultValueString/></ParamStruct><ParamStruct><Name>floor</Name><Direction>Input</Direction><Type>String</Type><DefaultValueString/></ParamStruct><ParamStruct><Name>building</Name><Direction>Input</Direction><Type>String</Type><DefaultValueString/></ParamStruct><ParamStruct><Name>phone</Name><Direction>Input</Direction><Type>String</Type><DefaultValueString/></ParamStruct><ParamStruct><Name>phone_ext</Name><Direction>Input</Direction><Type>String</Type><DefaultValueString/></ParamStruct><ParamStruct><Name>mobile</Name><Direction>Input</Direction><Type>String</Type><DefaultValueString/></ParamStruct><ParamStruct><Name>fax</Name><Direction>Input</Direction><Type>String</Type><DefaultValueString/></ParamStruct><ParamStruct><Name>fax_ext</Name><Direction>Input</Direction><Type>String</Type><DefaultValueString/></ParamStruct><ParamStruct><Name>method</Name><Direction>Input</Direction><Type>String</Type><DefaultValueString/></ParamStruct><ParamStruct><Name>start_menu</Name><Direction>Input</Direction><Type>String</Type><DefaultValueString/></ParamStruct><ParamStruct><Name>logon_language</Name><Direction>Input</Direction><Type>String</Type><DefaultValueString/></ParamStruct><ParamStruct><Name>decimal_notation</Name><Direction>Input</Direction><Type>String</Type><DefaultValueString/></ParamStruct><ParamStruct><Name>date_format</Name><Direction>Input</Direction><Type>String</Type><DefaultValueString/></ParamStruct><ParamStruct><Name>time_format</Name><Direction>Input</Direction><Type>String</Type><DefaultValueString/></ParamStruct><ParamStruct><Name>time_zone</Name><Direction>Input</Direction><Type>String</Type><DefaultValueString/></ParamStruct><ParamStruct><Name>profile</Name><Direction>Input</Direction><Type>String</Type><DefaultValueString/></ParamStruct><ParamStruct><Name>reuse_old_data</Name><Direction>Input</Direction><Type>String</Type><DefaultValueString/></ParamStruct><ParamStruct><Name>user_status</Name><Direction>Output</Direction><Type>String</Type><DefaultValueString>${user_status}</DefaultValueString></ParamStruct><ParamStruct><Name>user_password</Name><Direction>Output</Direction><Type>Encrypted</Type><DefaultValueString>{OBFUSCATED}M0e0bywlDShL9jGXa18bf7RUNqZ1mCkAhi55/+Sz86A=</DefaultValueString></ParamStruct></Parameters></ActionStruct>